species,max,  MOL440,  JER089,  WAT221,  MOL413,  JER570,  MOL280,     ING,  MIC344,     WOD,     WHI,     618,  MOL270,  MOL295,  JER175,  GLA100,  JER100,  JER110,  JER120,  JER130,  JER140,  MOL150,  TEN100,  WIL100,
                           Temperature (Degrees C), 2339,  900,    6,    2,    2,    0,   41,    2,    2,    2,    2, 2339,   89,   94,   40,    0,    0,    0,    0,    0,    0,    0,    0,    0,
                                        pH (units), 2280,  887,    6,    2,    2,   11,   41,    2,    2,    2,    2, 2280,   89,   94,   36,    0,    0,    0,    0,    0,    0,    0,    0,    0,
                   Electrical Conductivity (µS/cm),  115,  115,    6,    2,    2,   19,   41,    2,    2,    2,    2,    0,   89,   94,   40,    0,    0,    0,    0,    0,    0,    0,    0,    0,
                                   Turbidity (NTU),  160,  160,    6,    2,    2,    0,   41,    2,    2,    2,    2,    0,   89,   93,   39,    0,    0,    0,    0,    0,    0,    0,    0,    0,
                           Dissolved Oxygen (mg/L),  149,  149,    6,    2,    2,    0,   41,    2,    2,    2,    2,    0,   56,   62,   10,    0,    0,    0,    0,    0,    0,    0,    0,    0,
                   Dissolved Oxygen (% Saturation),   61,    0,    0,    0,    0,    0,   39,    0,    0,    0,    0,    0,   56,   61,   10,    0,    0,    0,    0,    0,    0,    0,    0,    0,
                             Total Nitrogen (mg/L),  431,   88,    0,    0,    0,    0,    0,    0,    0,    0,    0,  431,    0,    0,    0,    1,    1,    1,    1,    1,    1,    1,    1,    2,
                                    Ammonia (mg/L), 2337,    1,    0,    0,    0,   12,    0,    0,    0,    0,    0, 2337,    0,    0,    0,    1,    1,    1,    1,    1,    1,    1,    1,    2,
                                    Nitrite (mg/L),    1,    1,    0,    0,    0,    0,    0,    0,    0,    0,    0,    0,    0,    0,    0,    0,    0,    0,    0,    0,    0,    0,    0,    0,
                                    Nitrate (mg/L),   48,    1,    0,    0,    0,    0,   20,    0,    0,    0,    0,    0,    8,   48,    7,    0,    0,    0,    0,    0,    0,    0,    0,    0,
                     Oxidised Nitrogen (mg/L as N),   11,    1,    0,    0,    0,   11,    0,    0,    0,    0,    0,    0,    0,    0,    0,    1,    1,    1,    1,    1,    1,    1,    1,    2,
                         Available Nitrogen (mg/L),    0,    0,    0,    0,    0,    0,    0,    0,    0,    0,    0,    0,    0,    0,    0,    0,    0,    0,    0,    0,    0,    0,    0,    0,
                           Total Phosphorus (mg/L), 2315,  151,    0,    0,    1,   11,   36,    0,    0,    0,    0, 2315,   53,   56,   10,    1,    1,    1,    1,    1,    1,    1,    1,    2,
                             Orthophosphate (mg/L),    4,    1,    0,    0,    0,    1,    0,    0,    0,    0,    0,    0,    4,    2,    0,    1,    1,    1,    1,    1,    1,    1,    1,    2,
                       Available Phosphorus (mg/L),    0,    0,    0,    0,    0,    0,    0,    0,    0,    0,    0,    0,    0,    0,    0,    0,    0,    0,    0,    0,    0,    0,    0,    0,
                               E. coli (CFU/100mL),    2,    0,    0,    0,    0,    0,    0,    0,    0,    0,    0,    0,    0,    0,    0,    1,    1,    1,    1,    1,    1,    1,    1,    2,
                     Total Dissolved Solids (mg/L), 2339,    0,    0,    0,    0,    0,    0,    0,    0,    0,    0, 2339,    0,    0,    0,    0,    0,    0,    0,    0,    0,    0,    0,    0,
                           Suspended Solids (mg/L),    2,    0,    0,    0,    0,    0,    0,    0,    0,    0,    0,    0,    0,    0,    0,    1,    1,    1,    1,    1,    1,    1,    1,    2,
                       Total Organic Carbon (mg/L),    0,    0,    0,    0,    0,    0,    0,    0,    0,    0,    0,    0,    0,    0,    0,    0,    0,    0,    0,    0,    0,    0,    0,    0,
                              Chlorophyll a (ug/L),    0,    0,    0,    0,    0,    0,    0,    0,    0,    0,    0,    0,    0,    0,    0,    0,    0,    0,    0,    0,    0,    0,    0,    0,
             Feacal Coli - Presumptive (CFU/100mL),    0,    0,    0,    0,    0,    0,    0,    0,    0,    0,    0,    0,    0,    0,    0,    0,    0,    0,    0,    0,    0,    0,    0,    0,
               Feacal Coli - Confirmed (CFU/100mL),    0,    0,    0,    0,    0,    0,    0,    0,    0,    0,    0,    0,    0,    0,    0,    0,    0,    0,    0,    0,    0,    0,    0,    0,
                   Biological Oxygen Demand (mg/L),    9,    3,    0,    0,    0,    9,    0,    0,    0,    0,    0,    0,    0,    0,    0,    0,    0,    0,    0,    0,    0,    0,    0,    0,
                                   Chloride (mg/L),    1,    1,    0,    0,    0,    0,    0,    0,    0,    0,    0,    0,    0,    0,    0,    0,    0,    0,    0,    0,    0,    0,    0,    0,
                                   Sulphate (mg/L),    1,    1,    0,    0,    0,    0,    0,    0,    0,    0,    0,    0,    0,    0,    0,    0,    0,    0,    0,    0,    0,    0,    0,    0,
                               True Colour (Pt-Co),    0,    0,    0,    0,    0,    0,    0,    0,    0,    0,    0,    0,    0,    0,    0,    0,    0,    0,    0,    0,    0,    0,    0,    0,
                        Alkalinity - Bicarb (mg/L),    0,    0,    0,    0,    0,    0,    0,    0,    0,    0,    0,    0,    0,    0,    0,    0,    0,    0,    0,    0,    0,    0,    0,    0,
                          Alkalinity - Carb (mg/L),    0,    0,    0,    0,    0,    0,    0,    0,    0,    0,    0,    0,    0,    0,    0,    0,    0,    0,    0,    0,    0,    0,    0,    0,
                        Alkalinity - Hydrox (mg/L),    0,    0,    0,    0,    0,    0,    0,    0,    0,    0,    0,    0,    0,    0,    0,    0,    0,    0,    0,    0,    0,    0,    0,    0,
                         Alkalinity - Total (mg/L),    0,    0,    0,    0,    0,    0,    0,    0,    0,    0,    0,    0,    0,    0,    0,    0,    0,    0,    0,    0,    0,    0,    0,    0,
                                    Bromide (mg/L),    0,    0,    0,    0,    0,    0,    0,    0,    0,    0,    0,    0,    0,    0,    0,    0,    0,    0,    0,    0,    0,    0,    0,    0,
                           Calcium Hardness (mg/L),    0,    0,    0,    0,    0,    0,    0,    0,    0,    0,    0,    0,    0,    0,    0,    0,    0,    0,    0,    0,    0,    0,    0,    0,
               Chlorine Residual - Combined (mg/L),    0,    0,    0,    0,    0,    0,    0,    0,    0,    0,    0,    0,    0,    0,    0,    0,    0,    0,    0,    0,    0,    0,    0,    0,
                   Chlorine Residual - Free (mg/L),    0,    0,    0,    0,    0,    0,    0,    0,    0,    0,    0,    0,    0,    0,    0,    0,    0,    0,    0,    0,    0,    0,    0,    0,
                  Chlorine Residual - Total (mg/L),    0,    0,    0,    0,    0,    0,    0,    0,    0,    0,    0,    0,    0,    0,    0,    0,    0,    0,    0,    0,    0,    0,    0,    0,
                   Dissolved Organic Carbon (mg/L),    0,    0,    0,    0,    0,    0,    0,    0,    0,    0,    0,    0,    0,    0,    0,    0,    0,    0,    0,    0,    0,    0,    0,    0,
                       Estimated River Flow (m3/s),    0,    0,    0,    0,    0,    0,    0,    0,    0,    0,    0,    0,    0,    0,    0,    0,    0,    0,    0,    0,    0,    0,    0,    0,
                                   Fluoride (mg/L),    0,    0,    0,    0,    0,    0,    0,    0,    0,    0,    0,    0,    0,    0,    0,    0,    0,    0,    0,    0,    0,    0,    0,    0,
                        Gauged Effluent Flow (L/s),    5,    5,    0,    0,    0,    0,    0,    0,    0,    0,    0,    0,    0,    0,    0,    0,    0,    0,    0,    0,    0,    0,    0,    0,
                                  Gauge Height (m),    0,    0,    0,    0,    0,    0,    0,    0,    0,    0,    0,    0,    0,    0,    0,    0,    0,    0,    0,    0,    0,    0,    0,    0,
                   Instantaneous Gauge Flow (m3/s),    0,    0,    0,    0,    0,    0,    0,    0,    0,    0,    0,    0,    0,    0,    0,    0,    0,    0,    0,    0,    0,    0,    0,    0,
               Total Kjeldahl Nitrogen (mg/L as N),    0,    0,    0,    0,    0,    0,    0,    0,    0,    0,    0,    0,    0,    0,    0,    0,    0,    0,    0,    0,    0,    0,    0,    0,
                             Total Hardness (mg/L),    0,    0,    0,    0,    0,    0,    0,    0,    0,    0,    0,    0,    0,    0,    0,    0,    0,    0,    0,    0,    0,    0,    0,    0,
                               Flow Percentile (%),    0,    0,    0,    0,    0,    0,    0,    0,    0,    0,    0,    0,    0,    0,    0,    0,    0,    0,    0,    0,    0,    0,    0,    0,
                             Tributyl Tin (ngSn/L),    0,    0,    0,    0,    0,    0,    0,    0,    0,    0,    0,    0,    0,    0,    0,    0,    0,    0,    0,    0,    0,    0,    0,    0,
                         UV Abs 1cm @ 254 (abs/cm),    0,    0,    0,    0,    0,    0,    0,    0,    0,    0,    0,    0,    0,    0,    0,    0,    0,    0,    0,    0,    0,    0,    0,    0,
                           Apparent Colour (Pt-Co),    0,    0,    0,    0,    0,    0,    0,    0,    0,    0,    0,    0,    0,    0,    0,    0,    0,    0,    0,    0,    0,    0,    0,    0,
                                 Glyphosate (mg/L),    0,    0,    0,    0,    0,    0,    0,    0,    0,    0,    0,    0,    0,    0,    0,    0,    0,    0,    0,    0,    0,    0,    0,    0,
                         Metsulfuran methyl (µg/L),    0,    0,    0,    0,    0,    0,    0,    0,    0,    0,    0,    0,    0,    0,    0,    0,    0,    0,    0,    0,    0,    0,    0,    0,
                         C10 - C14 Fraction (µg/L),    1,    0,    0,    0,    0,    0,    0,    0,    0,    0,    0,    0,    0,    0,    0,    1,    0,    0,    0,    1,    0,    1,    1,    0,
                   C10 - C36 Fraction (sum - µg/L),    1,    0,    0,    0,    0,    0,    0,    0,    0,    0,    0,    0,    0,    0,    0,    1,    0,    0,    0,    1,    0,    1,    1,    0,
                         C15 - C28 Fraction (µg/L),    1,    0,    0,    0,    0,    0,    0,    0,    0,    0,    0,    0,    0,    0,    0,    1,    0,    0,    0,    1,    0,    1,    1,    0,
                         C29 - C36 Fraction (µg/L),    1,    0,    0,    0,    0,    0,    0,    0,    0,    0,    0,    0,    0,    0,    0,    1,    0,    0,    0,    1,    0,    1,    1,    0,
                           C6 - C9 Fraction (µg/L),    1,    0,    0,    0,    0,    0,    0,    0,    0,    0,    0,    0,    0,    0,    0,    1,    0,    0,    0,    1,    0,    1,    1,    0,
                        >C10 - C16 Fraction (µg/L),    1,    0,    0,    0,    0,    0,    0,    0,    0,    0,    0,    0,    0,    0,    0,    1,    0,    0,    0,    1,    0,    1,    1,    0,
 >C10 - C16 Fraction minus Naphthalene (F2 - µg/L),    1,    0,    0,    0,    0,    0,    0,    0,    0,    0,    0,    0,    0,    0,    0,    1,    0,    0,    0,    1,    0,    1,    1,    0,
                  >C10 - C40 Fraction (sum - µg/L),    1,    0,    0,    0,    0,    0,    0,    0,    0,    0,    0,    0,    0,    0,    0,    1,    0,    0,    0,    1,    0,    1,    1,    0,
                        >C16 - C34 Fraction (µg/L),    1,    0,    0,    0,    0,    0,    0,    0,    0,    0,    0,    0,    0,    0,    0,    1,    0,    0,    0,    1,    0,    1,    1,    0,
                        >C34 - C40 Fraction (µg/L),    1,    0,    0,    0,    0,    0,    0,    0,    0,    0,    0,    0,    0,    0,    0,    1,    0,    0,    0,    1,    0,    1,    1,    0,
                          C6 - C10 Fraction (µg/L),    1,    0,    0,    0,    0,    0,    0,    0,    0,    0,    0,    0,    0,    0,    0,    1,    0,    0,    0,    1,    0,    1,    1,    0,
         C6 - C10 Fraction  minus BTEX (F1 - µg/L),    1,    0,    0,    0,    0,    0,    0,    0,    0,    0,    0,    0,    0,    0,    0,    1,    0,    0,    0,    1,    0,    1,    1,    0,
Thermotolerant Faecal Coliforms - Confirmed (CFU/1,    2,    0,    0,    0,    0,    0,    0,    0,    0,    0,    0,    0,    0,    0,    0,    1,    1,    1,    1,    1,    1,    1,    1,    2,
Thermotolerant Faecal Coliforms - Presumptive (CFU,    2,    0,    0,    0,    0,    0,    0,    0,    0,    0,    0,    0,    0,    0,    0,    1,    1,    1,    1,    1,    1,    1,    1,    2,
               Enterococci - Confirmed (CFU/100mL),    2,    0,    0,    0,    0,    0,    0,    0,    0,    0,    0,    0,    0,    0,    0,    1,    1,    1,    1,    1,    1,    1,    1,    2,
             Enterococci - Presumptive (CFU/100mL),    2,    0,    0,    0,    0,    0,    0,    0,    0,    0,    0,    0,    0,    0,    0,    1,    1,    1,    1,    1,    1,    1,    1,    2,
                                             -9999,    0,    0,    0,    0,    0,    0,    0,    0,    0,    0,    0,    0,    0,    0,    0,    0,    0,    0,    0,    0,    0,    0,    0,    0,
                                             -9999,    0,    0,    0,    0,    0,    0,    0,    0,    0,    0,    0,    0,    0,    0,    0,    0,    0,    0,    0,    0,    0,    0,    0,    0,
